E_res,Linewidth
1.468035539,0.073736917
1.481772029,0.075188473
1.488373183,0.074416963
1.411690376,0.073849966
1.44410869,0.074004965
1.527748383,0.076249639
1.436541786,0.077296444